2025-04-05,土曜
2025-04-06,日曜
2025-04-12,土曜
2025-04-13,日曜
2025-04-19,土曜
2025-04-20,日曜
2025-04-26,土曜
2025-04-27,日曜
2025-04-29,昭和の日
2025-05-03,憲法記念日
2025-05-04,みどりの日
2025-05-05,こどもの日
2025-05-06,振替休日
2025-05-10,土曜
2025-05-11,日曜
2025-05-17,土曜
2025-05-18,日曜
2025-05-24,土曜
2025-05-25,日曜
2025-05-31,土曜
2025-06-01,日曜
2025-06-07,土曜
2025-06-08,日曜
2025-06-14,土曜
2025-06-15,日曜
2025-06-21,土曜
2025-06-22,日曜
2025-06-28,土曜
2025-06-29,日曜
2025-07-05,土曜
2025-07-06,日曜
2025-07-12,土曜
2025-07-13,日曜
2025-07-19,土曜
2025-07-20,日曜
2025-07-21,海の日
2025-07-26,土曜
2025-07-27,日曜
2025-08-02,土曜
2025-08-03,日曜
2025-08-09,土曜
2025-08-10,日曜
2025-08-11,山の日
2025-08-16,土曜
2025-08-17,日曜
2025-08-23,土曜
2025-08-24,日曜
2025-08-30,土曜
2025-08-31,日曜
2025-09-06,土曜
2025-09-07,日曜
2025-09-13,土曜
2025-09-14,日曜
2025-09-15,敬老の日
2025-09-20,土曜
2025-09-21,日曜
2025-09-23,秋分の日
2025-09-27,土曜
2025-09-28,日曜
2025-10-04,土曜
2025-10-05,日曜
2025-10-11,土曜
2025-10-12,日曜
2025-10-13,スポーツの日
2025-10-18,土曜
2025-10-19,日曜
2025-10-25,土曜
2025-10-26,日曜
2025-11-01,土曜
2025-11-02,日曜
2025-11-03,文化の日
2025-11-08,土曜
2025-11-09,日曜
2025-11-15,土曜
2025-11-16,日曜
2025-11-22,土曜
2025-11-23,勤労感謝の日
2025-11-24,振替休日
2025-11-29,土曜
2025-11-30,日曜
2025-12-06,土曜
2025-12-07,日曜
2025-12-13,土曜
2025-12-14,日曜
2025-12-20,土曜
2025-12-21,日曜
2025-12-27,土曜
2025-12-28,日曜
2026-01-01,元日
2026-01-03,土曜
2026-01-04,日曜
2026-01-10,土曜
2026-01-11,日曜
2026-01-12,成人の日
2026-01-17,土曜
2026-01-18,日曜
2026-01-24,土曜
2026-01-25,日曜
2026-01-31,土曜
2026-02-01,日曜
2026-02-07,土曜
2026-02-08,日曜
2026-02-11,建国記念の日
2026-02-14,土曜
2026-02-15,日曜
2026-02-21,土曜
2026-02-22,日曜
2026-02-23,天皇誕生日
2026-02-28,土曜
2026-03-01,日曜
2026-03-07,土曜
2026-03-08,日曜
2026-03-14,土曜
2026-03-15,日曜
2026-03-20,春分の日
2026-03-21,土曜
2026-03-22,日曜
2026-03-28,土曜
2026-03-29,日曜
2026-04-04,土曜
2026-04-05,日曜
2026-04-11,土曜
2026-04-12,日曜
2026-04-18,土曜
2026-04-19,日曜
2026-04-25,土曜
2026-04-26,日曜
2026-04-29,昭和の日
2026-05-02,土曜
2026-05-03,憲法記念日
2026-05-04,みどりの日
2026-05-05,こどもの日
2026-05-06,振替休日
2026-05-09,土曜
2026-05-10,日曜
2026-05-16,土曜
2026-05-17,日曜
2026-05-23,土曜
2026-05-24,日曜
2026-05-30,土曜
2026-05-31,日曜
2026-06-06,土曜
2026-06-07,日曜
2026-06-13,土曜
2026-06-14,日曜
2026-06-20,土曜
2026-06-21,日曜
2026-06-27,土曜
2026-06-28,日曜
2026-07-04,土曜
2026-07-05,日曜
2026-07-11,土曜
2026-07-12,日曜
2026-07-18,土曜
2026-07-19,日曜
2026-07-20,海の日
2026-07-25,土曜
2026-07-26,日曜
2026-08-01,土曜
2026-08-02,日曜
2026-08-08,土曜
2026-08-09,日曜
2026-08-11,山の日
2026-08-15,土曜
2026-08-16,日曜
2026-08-22,土曜
2026-08-23,日曜
2026-08-29,土曜
2026-08-30,日曜
2026-09-05,土曜
2026-09-06,日曜
2026-09-12,土曜
2026-09-13,日曜
2026-09-19,土曜
2026-09-20,日曜
2026-09-21,敬老の日
2026-09-22,国民の休日
2026-09-23,秋分の日
2026-09-26,土曜
2026-09-27,日曜
2026-10-03,土曜
2026-10-04,日曜
2026-10-10,土曜
2026-10-11,日曜
2026-10-12,スポーツの日
2026-10-17,土曜
2026-10-18,日曜
2026-10-24,土曜
2026-10-25,日曜
2026-10-31,土曜
2026-11-01,日曜
2026-11-03,文化の日
2026-11-07,土曜
2026-11-08,日曜
2026-11-14,土曜
2026-11-15,日曜
2026-11-21,土曜
2026-11-22,日曜
2026-11-23,勤労感謝の日
2026-11-28,土曜
2026-11-29,日曜
2026-12-05,土曜
2026-12-06,日曜
2026-12-12,土曜
2026-12-13,日曜
2026-12-19,土曜
2026-12-20,日曜
2026-12-26,土曜
2026-12-27,日曜
2027-01-01,元日
2027-01-02,土曜
2027-01-03,日曜
2027-01-09,土曜
2027-01-10,日曜
2027-01-11,成人の日
2027-01-16,土曜
2027-01-17,日曜
2027-01-23,土曜
2027-01-24,日曜
2027-01-30,土曜
2027-01-31,日曜
2027-02-06,土曜
2027-02-07,日曜
2027-02-11,建国記念の日
2027-02-13,土曜
2027-02-14,日曜
2027-02-20,土曜
2027-02-21,日曜
2027-02-23,天皇誕生日
2027-02-27,土曜
2027-02-28,日曜
2027-03-06,土曜
2027-03-07,日曜
2027-03-13,土曜
2027-03-14,日曜
2027-03-20,土曜
2027-03-21,春分の日
2027-03-22,振替休日
2027-03-27,土曜
2027-03-28,日曜
2027-04-03,土曜
2027-04-04,日曜
2027-04-10,土曜
2027-04-11,日曜
2027-04-17,土曜
2027-04-18,日曜
2027-04-24,土曜
2027-04-25,日曜
2027-04-29,昭和の日
2027-05-01,土曜
2027-05-02,日曜
2027-05-03,憲法記念日
2027-05-04,みどりの日
2027-05-05,こどもの日
2027-05-08,土曜
2027-05-09,日曜
2027-05-15,土曜
2027-05-16,日曜
2027-05-22,土曜
2027-05-23,日曜
2027-05-29,土曜
2027-05-30,日曜
2027-06-05,土曜
2027-06-06,日曜
2027-06-12,土曜
2027-06-13,日曜
2027-06-19,土曜
2027-06-20,日曜
2027-06-26,土曜
2027-06-27,日曜
2027-07-03,土曜
2027-07-04,日曜
2027-07-10,土曜
2027-07-11,日曜
2027-07-17,土曜
2027-07-18,日曜
2027-07-19,海の日
2027-07-24,土曜
2027-07-25,日曜
2027-07-31,土曜
2027-08-01,日曜
2027-08-07,土曜
2027-08-08,日曜
2027-08-11,山の日
2027-08-14,土曜
2027-08-15,日曜
2027-08-21,土曜
2027-08-22,日曜
2027-08-28,土曜
2027-08-29,日曜
2027-09-04,土曜
2027-09-05,日曜
2027-09-11,土曜
2027-09-12,日曜
2027-09-18,土曜
2027-09-19,日曜
2027-09-20,敬老の日
2027-09-23,秋分の日
2027-09-25,土曜
2027-09-26,日曜
2027-10-02,土曜
2027-10-03,日曜
2027-10-09,土曜
2027-10-10,日曜
2027-10-11,スポーツの日
2027-10-16,土曜
2027-10-17,日曜
2027-10-23,土曜
2027-10-24,日曜
2027-10-30,土曜
2027-10-31,日曜
2027-11-03,文化の日
2027-11-06,土曜
2027-11-07,日曜
2027-11-13,土曜
2027-11-14,日曜
2027-11-20,土曜
2027-11-21,日曜
2027-11-23,勤労感謝の日
2027-11-27,土曜
2027-11-28,日曜
2027-12-04,土曜
2027-12-05,日曜
2027-12-11,土曜
2027-12-12,日曜
2027-12-18,土曜
2027-12-19,日曜
2027-12-25,土曜
2027-12-26,日曜
2028-01-01,元日
2028-01-02,日曜
2028-01-08,土曜
2028-01-09,日曜
2028-01-10,成人の日
2028-01-15,土曜
2028-01-16,日曜
2028-01-22,土曜
2028-01-23,日曜
2028-01-29,土曜
2028-01-30,日曜
2028-02-05,土曜
2028-02-06,日曜
2028-02-11,建国記念の日
2028-02-12,土曜
2028-02-13,日曜
2028-02-19,土曜
2028-02-20,日曜
2028-02-23,天皇誕生日
2028-02-26,土曜
2028-02-27,日曜
2028-03-04,土曜
2028-03-05,日曜
2028-03-11,土曜
2028-03-12,日曜
2028-03-18,土曜
2028-03-19,日曜
2028-03-20,春分の日
2028-03-25,土曜
2028-03-26,日曜
